1,google.com
2,youtube.com
3,baidu.com
4,facebook.com
5,bilibili.com
6,yahoo.com
7,instagram.com
8,amazon.com
9,wikipedia.org
10,qq.com
11,bing.com
12,twitter.com
13,whatsapp.com
14,reddit.com
15,xvideos.com
16,yandex.ru
17,linkedin.com
18,pornhub.com
19,vk.com
20,zhihu.com
21,fandom.com
22,taobao.com
23,microsoft.com
24,live.com
25,netflix.com
26,tiktok.com
27,amazon.in
28,microsoftonline.com
29,163.com
30,xhamster.com
31,yahoo.co.jp
32,github.com
33,t.co
34,sina.com.cn
35,csdn.net
36,aliexpress.com
37,spankbang.com
38,naver.com
39,ebay.com
40,weibo.com
41,canva.com
42,imdb.com
43,msn.com
44,apple.com
45,office.com
46,mail.ru
47,xnxx.com
48,duckduckgo.com
49,jd.com
50,paypal.com
51,quora.com
52,realsrv.com
53,twitch.tv
54,hao123.com
55,zoom.us
56,google.co.in
57,douban.com
58,stackoverflow.com
59,pinterest.com
60,spotify.com
61,google.com.hk
62,booking.com
63,amazon.co.jp
64,flipkart.com
65,adobe.com
66,twimg.com
67,amazon.co.uk
68,tmall.com
69,etsy.com
70,pixiv.net
71,so.com
72,imgur.com
73,indeed.com
74,iqiyi.com
75,telegram.org
76,alipay.com
77,youku.com
78,discord.com
79,chaturbate.com
80,weather.com
81,roblox.com
82,t.me
83,mediafire.com
84,stripchat.com
85,lenovo.com.cn
86,doubleclick.net
87,avito.ru
88,1688.com
89,ok.ru
90,3dmgame.com
91,freepik.com
92,onlyfans.com
93,redd.it
94,wordpress.com
95,fiverr.com
96,nih.gov
97,bbc.com
98,tumblr.com
99,ilovepdf.com
100,mega.nz
101,formula1.com
